{"Cam07_ID00798_EMAP-999.jpg": {"intrinsics": [[2985.29, 0.0, 512.0], [0.0, 2985.29, 512.0], [0.0, 0.0, 1.0]], "pose": [[0.9909750819206238, 0.0004570210294332355, 0.13404551148414612, -0.3824746310710907], [0.006891303230077028, -0.9988455176353455, -0.04754069074988365, 0.13614439964294434], [0.13386903703212738, 0.048035383224487305, -0.989834189414978, 2.950333595275879], [0.0, 0.0, 0.0, 1.0]]}}